{"cameraMode":{"drawMode":0,"name":"Shaded","section":"Shading Mode"},"sceneLighting":false,"audioPlay":false,"sceneViewState":{"showFog":true,"showMaterialUpdate":false,"showSkybox":false,"showFlares":true,"showImageEffects":true,"showParticleSystems":true},"in2DMode":false,"pivot":{"x":4.153299808502197,"y":1.5211999416351319,"z":-1.2320644855499268},"rotation":{"x":-0.0832621231675148,"y":0.9104330539703369,"z":-0.2248566895723343,"w":-0.3374563753604889},"size":0.19567696750164033,"orthographic":true}