{"cameraMode":{"drawMode":0,"name":"Shaded","section":"Shading Mode"},"sceneLighting":true,"audioPlay":false,"sceneViewState":{"showFog":true,"showMaterialUpdate":false,"showSkybox":true,"showFlares":true,"showImageEffects":true,"showParticleSystems":true},"in2DMode":false,"pivot":{"x":4.617040157318115,"y":1.9850001335144044,"z":-1.2320644855499268},"rotation":{"x":-0.0832621231675148,"y":0.9104330539703369,"z":-0.2248566895723343,"w":-0.3374563753604889},"size":0.7445927858352661,"orthographic":true}